word_x1,word_y1,word_x2,word_y2,word,word_conf,page_number,id,line_index,line_x1,line_y1,line_x2,line_y2
1341,169,1361,201,Il,65,1,0,0.0,1341,169,2067,201
1379,169,1535,201,SHREE,91,1,1,0.0,1341,169,2067,201
1551,169,1844,201,GANESHAYA,90,1,2,0.0,1341,169,2067,201
1862,169,2028,201,NAMAH,90,1,3,0.0,1341,169,2067,201
2047,169,2067,201,II,79,1,4,0.0,1341,169,2067,201
1608,261,1711,297,TAX,95,1,5,1.0,1608,261,3367,302
1729,261,1938,298,INVOICE,95,1,6,1.0,1608,261,3367,302
3003,268,3367,302,Mob:8898933669,91,1,7,1.0,1608,261,3367,302
1417,367,1447,393,i,38,1,8,2.0,1417,334,3369,393
2250,367,2281,393,-,0,1,9,2.0,1417,334,3369,393
3115,334,3369,367,9619720510,96,1,10,2.0,1417,334,3369,393
917,373,1447,505,Laxmi,88,1,11,3.0,917,373,3369,539
1541,373,2591,539,Enterprises,95,1,12,3.0,917,373,3369,539
3114,398,3369,430,ere,49,1,13,3.0,917,373,3369,539
399,577,454,611,All,92,1,14,4.0,399,577,3046,621
473,577,597,611,Kinds,95,1,15,4.0,399,577,3046,621
614,577,656,611,of,95,1,16,4.0,399,577,3046,621
670,577,790,611,office,96,1,17,4.0,399,577,3046,621
820,577,1055,621,"Stationery,",93,1,18,4.0,399,577,3046,621
1073,579,1158,611,H.P.,90,1,19,4.0,399,577,3046,621
1176,579,1325,621,"Epson,",96,1,20,4.0,399,577,3046,621
1343,579,1495,618,"Canon,",93,1,21,4.0,399,577,3046,621
1514,577,1701,611,Laxmark,91,1,22,4.0,399,577,3046,621
1718,577,1781,611,Ink,96,1,23,4.0,399,577,3046,621
1797,577,1999,621,Cartridge,93,1,24,4.0,399,577,3046,621
2016,579,2046,611,&,92,1,25,4.0,399,577,3046,621
2060,579,2188,611,Toner,96,1,26,4.0,399,577,3046,621
2204,577,2418,621,"Cartridge,",96,1,27,4.0,399,577,3046,621
2436,577,2661,611,Continous,96,1,28,4.0,399,577,3046,621
2678,579,2894,621,Computer,96,1,29,4.0,399,577,3046,621
2911,579,3046,621,"Paper,",96,1,30,4.0,399,577,3046,621
516,641,661,675,Plastic,96,1,31,5.0,516,641,2935,685
679,641,779,675,Files,93,1,32,5.0,516,641,2935,685
796,643,826,675,&,93,1,33,5.0,516,641,2935,685
844,641,992,682,"Folder,",93,1,34,5.0,516,641,2935,685
1011,643,1178,682,"E.S.I.C.,",74,1,35,5.0,516,641,2935,685
1197,643,1276,675,P.T.,91,1,36,5.0,516,641,2935,685
1295,643,1374,675,P.F.,91,1,37,5.0,516,641,2935,685
1391,641,1555,675,Challan,89,1,38,5.0,516,641,2935,685
1572,643,1602,675,&,93,1,39,5.0,516,641,2935,685
1619,643,1742,682,"Form,",96,1,40,5.0,516,641,2935,685
1761,643,1904,685,Export,96,1,41,5.0,516,641,2935,685
1921,641,2106,685,"Packing,",96,1,42,5.0,516,641,2935,685
2124,641,2332,682,"Materials,",93,1,43,5.0,516,641,2935,685
2350,643,2380,675,&,93,1,44,5.0,516,641,2935,685
2398,641,2708,685,Housekeeping,95,1,45,5.0,516,641,2935,685
2727,641,2935,675,Materials.,96,1,46,5.0,516,641,2935,685
354,771,497,808,SHOP,92,1,47,6.0,354,769,3101,818
517,771,678,815,"NO-12,",92,1,48,6.0,354,769,3101,818
699,771,886,807,KADAM,91,1,49,6.0,354,769,3101,818
907,771,1088,815,"NIWAS,",91,1,50,6.0,354,769,3101,818
1109,771,1252,807,NEAR,93,1,51,6.0,354,769,3101,818
1271,771,1493,815,"PIDILITE,",91,1,52,6.0,354,769,3101,818
1528,771,1626,807,R.K.,92,1,53,6.0,354,769,3101,818
1647,771,1850,807,MANDIR,93,1,54,6.0,354,769,3101,818
1869,771,2151,808,KONDIVITA,92,1,55,6.0,354,769,3101,818
2170,771,2331,815,"ROAD,",96,1,56,6.0,354,769,3101,818
2351,771,2582,807,ANDHERI,93,1,57,6.0,354,769,3101,818
2603,769,2667,818,(E),91,1,58,6.0,354,769,3101,818
2687,771,3000,808,MUMBAI-400,91,1,59,6.0,354,769,3101,818
3019,771,3101,808,099,96,1,60,6.0,354,769,3101,818
1250,840,1398,879,Email:,92,1,61,7.0,1250,840,2252,889
1422,840,2252,889,laxmienterprises108s@gmail.com,90,1,62,7.0,1250,840,2252,889
182,958,277,1014,"M/s,",76,1,63,8.0,182,958,3372,1027
364,970,642,1002,IMPERATIVE,96,1,64,8.0,182,958,3372,1027
660,970,892,1002,BUSINESS,96,1,65,8.0,182,958,3372,1027
908,970,1158,1002,VENTURES,96,1,66,8.0,182,958,3372,1027
1175,970,1376,1002,PVT.LTD.,96,1,67,8.0,182,958,3372,1027
2473,988,2647,1027,Invoice,96,1,68,8.0,182,958,3372,1027
2667,990,2744,1027,No.,90,1,69,8.0,182,958,3372,1027
2767,1000,2774,1026,:,90,1,70,8.0,182,958,3372,1027
3139,967,3372,1026,S0000315,83,1,71,8.0,182,958,3372,1027
363,1039,395,1073,G,92,1,72,9.0,363,1038,1531,1083
414,1039,436,1073,2,90,1,73,9.0,363,1038,1531,1083
454,1040,483,1073,&,90,1,74,9.0,363,1038,1531,1083
499,1039,522,1074,3,92,1,75,9.0,363,1038,1531,1083
539,1038,685,1083,ground,92,1,76,9.0,363,1038,1531,1083
702,1038,793,1073,floor,93,1,77,9.0,363,1038,1531,1083
808,1038,949,1083,A.wing,91,1,78,9.0,363,1038,1531,1083
969,1038,1270,1073,midc.mahakali,91,1,79,9.0,363,1038,1531,1083
1289,1047,1410,1073,coves,96,1,80,9.0,363,1038,1531,1083
1429,1038,1531,1073,road.,96,1,81,9.0,363,1038,1531,1083
364,1107,456,1134,naer,93,1,82,10.0,364,1078,3372,1148
473,1098,584,1134,nelco,93,1,83,10.0,364,1078,3372,1148
602,1098,674,1133,bus,93,1,84,10.0,364,1078,3372,1148
691,1098,979,1134,stand.andheri,90,1,85,10.0,364,1078,3372,1148
996,1098,1058,1143,{E},93,1,86,10.0,364,1078,3372,1148
2473,1083,2647,1122,Invoice,95,1,87,10.0,364,1078,3372,1148
2667,1085,2774,1122,Date,92,1,88,10.0,364,1078,3372,1148
2762,1079,2797,1148,:,92,1,89,10.0,364,1078,3372,1148
3115,1078,3372,1117,31/05/2019,90,1,90,10.0,364,1078,3372,1148
364,1158,707,1212,mumbai-400093,89,1,91,11.0,364,1158,2670,1233
2473,1196,2542,1233,PO,96,1,92,11.0,364,1158,2670,1233
2562,1196,2640,1232,No.,88,1,93,11.0,364,1158,2670,1233
2663,1206,2670,1232,:,88,1,94,11.0,364,1158,2670,1233
181,1303,318,1335,GSTIN,81,1,95,12.0,181,1290,2713,1344
337,1303,420,1335,No.:,71,1,96,12.0,181,1290,2713,1344
511,1303,932,1344, 27AACCI7893N1ZQ,42,1,97,12.0,181,1290,2713,1344
2473,1290,2556,1327,PO.,96,1,98,12.0,181,1290,2713,1344
2577,1290,2685,1327,Date,91,1,99,12.0,181,1290,2713,1344
2706,1300,2713,1326,:,91,1,100,12.0,181,1290,2713,1344
184,1371,294,1403,State,95,1,101,13.0,184,1366,2034,1414
312,1371,446,1404,Name:,95,1,102,13.0,184,1366,2034,1414
556,1366,890,1414,27-Maharashtra,90,1,103,13.0,184,1366,2034,1414
1573,1371,1682,1403,State,96,1,104,13.0,184,1366,2034,1414
1699,1369,1824,1403,Code:,95,1,105,13.0,184,1366,2034,1414
1986,1371,2034,1403,27,96,1,106,13.0,184,1366,2034,1414
183,1490,297,1522,S.No.,30,1,107,14.0,183,1484,3353,1537
308,1484,318,1536,|,30,1,108,14.0,183,1484,3353,1537
375,1488,527,1522,Ch.NO.,91,1,109,14.0,183,1484,3353,1537
981,1488,1231,1532,Description,96,1,110,14.0,183,1484,3353,1537
1248,1488,1298,1522,Of,96,1,111,14.0,183,1484,3353,1537
1313,1488,1456,1522,Goods,95,1,112,14.0,183,1484,3353,1537
1849,1488,2053,1523,HSN/SAC,56,1,113,14.0,183,1484,3353,1537
2227,1490,2301,1532,Qty,95,1,114,14.0,183,1484,3353,1537
2502,1485,2598,1537,Rate,95,1,115,14.0,183,1484,3353,1537
2687,1488,2822,1523,Disc%,89,1,116,14.0,183,1484,3353,1537
2815,1484,2860,1537,|,93,1,117,14.0,183,1484,3353,1537
2870,1490,2945,1522,Gst,91,1,118,14.0,183,1484,3353,1537
2959,1490,2998,1522,%,91,1,119,14.0,183,1484,3353,1537
3180,1490,3353,1523,Amount,95,1,120,14.0,183,1484,3353,1537
231,1599,253,1631,1,95,1,121,15.0,231,1599,3368,1631
380,1599,539,1631,C01665,90,1,122,15.0,231,1599,3368,1631
593,1599,786,1631,|PLASTIC,91,1,123,15.0,231,1599,3368,1631
803,1599,1013,1631,COURIER,96,1,124,15.0,231,1599,3368,1631
1031,1599,1128,1631,BAG,95,1,125,15.0,231,1599,3368,1631
1147,1599,1276,1631,16X19,95,1,126,15.0,231,1599,3368,1631
1906,1599,2007,1631,3923,96,1,127,15.0,231,1599,3368,1631
2146,1599,2217,1631,500,96,1,128,15.0,231,1599,3368,1631
2313,1599,2404,1631,PCS,95,1,129,15.0,231,1599,3368,1631
2509,1599,2596,1631,7.00,96,1,130,15.0,231,1599,3368,1631
2915,1599,2961,1631,18,96,1,131,15.0,231,1599,3368,1631
3203,1599,3368,1631,3500.00,96,1,132,15.0,231,1599,3368,1631
230,1692,252,1724,2,96,1,133,16.0,230,1692,3368,1725
380,1692,538,1724,C01669,87,1,134,16.0,230,1692,3368,1725
593,1692,688,1724,|FILE,91,1,135,16.0,230,1692,3368,1725
706,1692,856,1724,DIVIDE,96,1,136,16.0,230,1692,3368,1725
873,1692,1001,1724,PACK,96,1,137,16.0,230,1692,3368,1725
1017,1692,1078,1724,OF,95,1,138,16.0,230,1692,3368,1725
1095,1692,1168,1725,100,96,1,139,16.0,230,1692,3368,1725
1906,1692,2007,1724,4820,96,1,140,16.0,230,1692,3368,1725
2160,1692,2206,1724,10,96,1,141,16.0,230,1692,3368,1725
2313,1692,2404,1724,PCS,95,1,142,16.0,230,1692,3368,1725
2495,1692,2608,1725,80.00,96,1,143,16.0,230,1692,3368,1725
2915,1692,2961,1724,18,96,1,144,16.0,230,1692,3368,1725
3229,1692,3368,1725,800.00,96,1,145,16.0,230,1692,3368,1725
229,1786,252,1818,3,96,1,146,17.0,229,1782,3368,1832
380,1786,539,1818,C01675,91,1,147,17.0,229,1782,3368,1832
593,1786,652,1818,|HP,88,1,148,17.0,229,1782,3368,1832
667,1786,828,1818,TONER,96,1,149,17.0,229,1782,3368,1832
844,1786,1116,1818,CARTRIDGE,96,1,150,17.0,229,1782,3368,1832
1134,1786,1372,1818,REFILLING,96,1,151,17.0,229,1782,3368,1832
1906,1786,2002,1819,8443,96,1,152,17.0,229,1782,3368,1832
2172,1786,2195,1818,5,96,1,153,17.0,229,1782,3368,1832
2313,1786,2404,1818,PCS,94,1,154,17.0,229,1782,3368,1832
2409,1782,2451,1832,|,94,1,155,17.0,229,1782,3368,1832
2484,1786,2621,1818,125.00,96,1,156,17.0,229,1782,3368,1832
2915,1786,2961,1818,18,96,1,157,17.0,229,1782,3368,1832
3230,1786,3368,1819,625.00,95,1,158,17.0,229,1782,3368,1832
229,1880,254,1912,4,95,1,159,18.0,229,1876,3368,1926
454,1897,466,1903,-,91,1,160,18.0,229,1876,3368,1926
593,1880,652,1912,HP,96,1,161,18.0,229,1876,3368,1926
667,1880,828,1912,TONER,96,1,162,18.0,229,1876,3368,1926
845,1880,1000,1912,BLADE,96,1,163,18.0,229,1876,3368,1926
1017,1880,1214,1912,CHANGE,96,1,164,18.0,229,1876,3368,1926
1907,1880,2003,1913,8443,96,1,165,18.0,229,1876,3368,1926
2171,1880,2194,1913,3,96,1,166,18.0,229,1876,3368,1926
2313,1880,2404,1912,PCS,95,1,167,18.0,229,1876,3368,1926
2409,1876,2451,1926,|,95,1,168,18.0,229,1876,3368,1926
2483,1880,2621,1912,225.00,95,1,169,18.0,229,1876,3368,1926
2915,1880,2961,1912,18,96,1,170,18.0,229,1876,3368,1926
3230,1880,3368,1912,675.00,96,1,171,18.0,229,1876,3368,1926
230,1973,253,2005,5,96,1,172,19.0,230,1969,3368,2019
454,1990,466,1996,-,91,1,173,19.0,230,1969,3368,2019
593,1973,652,2005,HP,96,1,174,19.0,230,1969,3368,2019
667,1973,828,2005,TONER,96,1,175,19.0,230,1969,3368,2019
844,1973,1116,2005,CARTRIDGE,95,1,176,19.0,230,1969,3368,2019
1134,1973,1331,2005,MAGNET,96,1,177,19.0,230,1969,3368,2019
1346,1973,1594,2005,CHANGING,96,1,178,19.0,230,1969,3368,2019
1906,1973,2002,2006,8443,96,1,179,19.0,230,1969,3368,2019
2172,1973,2194,2005,2,96,1,180,19.0,230,1969,3368,2019
2313,1973,2404,2005,PCS,95,1,181,19.0,230,1969,3368,2019
2409,1969,2451,2019,|,94,1,182,19.0,230,1969,3368,2019
2483,1973,2621,2005,275.00,94,1,183,19.0,230,1969,3368,2019
2915,1973,2961,2005,18,96,1,184,19.0,230,1969,3368,2019
3230,1973,3368,2005,550.00,96,1,185,19.0,230,1969,3368,2019
230,2067,252,2099,6,96,1,186,20.0,230,2067,3368,2099
380,2067,538,2099,C01680,90,1,187,20.0,230,2067,3368,2099
593,2067,688,2099,|FILE,90,1,188,20.0,230,2067,3368,2099
706,2067,856,2099,DIVIDE,95,1,189,20.0,230,2067,3368,2099
873,2067,1001,2099,PACK,95,1,190,20.0,230,2067,3368,2099
1017,2067,1078,2099,OF,96,1,191,20.0,230,2067,3368,2099
1095,2067,1168,2099,100,96,1,192,20.0,230,2067,3368,2099
1906,2067,2007,2099,4820,96,1,193,20.0,230,2067,3368,2099
2159,2067,2207,2099,20,96,1,194,20.0,230,2067,3368,2099
2313,2067,2404,2099,PCS,95,1,195,20.0,230,2067,3368,2099
2495,2067,2608,2099,80.00,96,1,196,20.0,230,2067,3368,2099
2915,2067,2961,2099,18,96,1,197,20.0,230,2067,3368,2099
3205,2067,3368,2099,1600.00,96,1,198,20.0,230,2067,3368,2099
230,2160,252,2192,7,96,1,199,21.0,230,2160,3368,2193
454,2177,466,2183,-,91,1,200,21.0,230,2160,3368,2193
593,2160,748,2192,PAPER,96,1,201,21.0,230,2160,3368,2193
764,2160,858,2192,CUP,96,1,202,21.0,230,2160,3368,2193
876,2160,949,2192,150,96,1,203,21.0,230,2160,3368,2193
966,2160,1029,2192,ML,96,1,204,21.0,230,2160,3368,2193
1906,2160,2007,2193,4823,96,1,205,21.0,230,2160,3368,2193
2146,2160,2217,2192,500,96,1,206,21.0,230,2160,3368,2193
2313,2160,2404,2192,PCS,95,1,207,21.0,230,2160,3368,2193
2509,2160,2596,2192,0.80,96,1,208,21.0,230,2160,3368,2193
2915,2160,2961,2192,18,96,1,209,21.0,230,2160,3368,2193
3229,2160,3368,2192,400.00,96,1,210,21.0,230,2160,3368,2193
229,2254,252,2286,8,96,1,211,22.0,229,2250,3368,2300
454,2271,466,2277,-,91,1,212,22.0,229,2250,3368,2300
592,2254,825,2286,GARBAGE,96,1,213,22.0,229,2250,3368,2300
842,2254,939,2286,BAG,95,1,214,22.0,229,2250,3368,2300
957,2254,1088,2286,29X39,95,1,215,22.0,229,2250,3368,2300
1105,2254,1182,2286,BIG,96,1,216,22.0,229,2250,3368,2300
1906,2254,2007,2287,3923,96,1,217,22.0,229,2250,3368,2300
2172,2254,2194,2286,5,97,1,218,22.0,229,2250,3368,2300
2315,2250,2404,2300,PKT,91,1,219,22.0,229,2250,3368,2300
2495,2250,2608,2300,45.00,96,1,220,22.0,229,2250,3368,2300
2915,2254,2961,2286,18,96,1,221,22.0,229,2250,3368,2300
3230,2254,3368,2286,225.00,95,1,222,22.0,229,2250,3368,2300
230,2348,252,2380,9,96,1,223,23.0,230,2348,3368,2381
454,2365,466,2371,-,92,1,224,23.0,230,2348,3368,2381
593,2348,775,2380,NATRAJ,91,1,225,23.0,230,2348,3368,2381
794,2348,990,2380,PENCILS,96,1,226,23.0,230,2348,3368,2381
1907,2348,2007,2381,9609,96,1,227,23.0,230,2348,3368,2381
2159,2348,2205,2380,50,96,1,228,23.0,230,2348,3368,2381
2313,2348,2404,2380,PCS,95,1,229,23.0,230,2348,3368,2381
2508,2348,2596,2381,3.60,96,1,230,23.0,230,2348,3368,2381
2915,2348,2962,2380,12,96,1,231,23.0,230,2348,3368,2381
3231,2348,3368,2381,180.00,96,1,232,23.0,230,2348,3368,2381
218,2441,264,2473,10,96,1,233,24.0,218,2441,3368,2474
454,2458,466,2464,-,92,1,234,24.0,218,2441,3368,2474
592,2441,753,2473,CAMEL,96,1,235,24.0,218,2441,3368,2474
770,2441,1061,2473,PERMANENT,95,1,236,24.0,218,2441,3368,2474
1077,2441,1276,2473,MARKER,95,1,237,24.0,218,2441,3368,2474
1907,2441,2007,2473,9608,95,1,238,24.0,218,2441,3368,2474
2171,2441,2194,2473,5,96,1,239,24.0,218,2441,3368,2474
2313,2441,2404,2473,PCS,95,1,240,24.0,218,2441,3368,2474
2496,2441,2608,2473,23.00,96,1,241,24.0,218,2441,3368,2474
2915,2441,2962,2473,12,96,1,242,24.0,218,2441,3368,2474
3231,2441,3368,2474,115.00,96,1,243,24.0,218,2441,3368,2474
218,2535,266,2567,11,96,1,244,25.0,218,2535,3368,2567
454,2552,466,2558,-,92,1,245,25.0,218,2535,3368,2567
590,2535,758,2567,WATER,95,1,246,25.0,218,2535,3368,2567
774,2535,969,2567,SPONGE,96,1,247,25.0,218,2535,3368,2567
1906,2535,2007,2567,3926,96,1,248,25.0,218,2535,3368,2567
2160,2535,2206,2567,16,96,1,249,25.0,218,2535,3368,2567
2313,2535,2404,2567,PCS,95,1,250,25.0,218,2535,3368,2567
2508,2535,2596,2567,4.00,96,1,251,25.0,218,2535,3368,2567
2915,2535,2962,2567,12,96,1,252,25.0,218,2535,3368,2567
3256,2535,3368,2567,64.00,96,1,253,25.0,218,2535,3368,2567
218,2629,265,2661,12,96,1,254,26.0,218,2625,3368,2675
380,2629,538,2661,C01698,90,1,255,26.0,218,2625,3368,2675
593,2629,766,2661,|BROWN,91,1,256,26.0,218,2625,3368,2675
783,2629,905,2661,TAPE,96,1,257,26.0,218,2625,3368,2675
919,2629,1129,2661,WONDER,96,1,258,26.0,218,2625,3368,2675
1144,2629,1188,2661,"2""",94,1,259,26.0,218,2625,3368,2675
1906,2629,2007,2662,3926,96,1,260,26.0,218,2625,3368,2675
2160,2629,2207,2661,12,96,1,261,26.0,218,2625,3368,2675
2313,2629,2404,2661,PCS,95,1,262,26.0,218,2625,3368,2675
2495,2625,2608,2675,38.00,96,1,263,26.0,218,2625,3368,2675
2915,2629,2961,2661,18,96,1,264,26.0,218,2625,3368,2675
3229,2629,3368,2661,456.00,95,1,265,26.0,218,2625,3368,2675
218,2722,264,2755,13,96,1,266,27.0,218,2722,3368,2755
454,2739,466,2745,-,91,1,267,27.0,218,2722,3368,2755
593,2722,786,2754,PLASTIC,95,1,268,27.0,218,2722,3368,2755
803,2722,1013,2754,COURIER,95,1,269,27.0,218,2722,3368,2755
1031,2722,1128,2754,BAG,95,1,270,27.0,218,2722,3368,2755
1147,2722,1276,2754,16X19,95,1,271,27.0,218,2722,3368,2755
1906,2722,2007,2755,3923,96,1,272,27.0,218,2722,3368,2755
2146,2722,2217,2754,500,96,1,273,27.0,218,2722,3368,2755
2313,2722,2404,2754,PCS,95,1,274,27.0,218,2722,3368,2755
2509,2722,2596,2755,7.00,96,1,275,27.0,218,2722,3368,2755
2915,2722,2961,2754,18,96,1,276,27.0,218,2722,3368,2755
3203,2722,3368,2755,3500.00,96,1,277,27.0,218,2722,3368,2755
218,2816,267,2848,14,96,1,278,28.0,218,2816,3367,2849
380,2816,540,2848,C01704,90,1,279,28.0,218,2816,3367,2849
593,2816,786,2848,|PLASTIC,88,1,280,28.0,218,2816,3367,2849
803,2816,1013,2848,COURIER,95,1,281,28.0,218,2816,3367,2849
1031,2816,1128,2848,BAG,95,1,282,28.0,218,2816,3367,2849
1147,2816,1276,2848,16X19,95,1,283,28.0,218,2816,3367,2849
1290,2816,1405,2848,WITH,96,1,284,28.0,218,2816,3367,2849
1425,2816,1640,2848,PRINTING,96,1,285,28.0,218,2816,3367,2849
1906,2816,2007,2849,3923,96,1,286,28.0,218,2816,3367,2849
2133,2816,2232,2848,2000,92,1,287,28.0,218,2816,3367,2849
2313,2816,2404,2848,PCS,90,1,288,28.0,218,2816,3367,2849
2509,2816,2596,2848,7.50,96,1,289,28.0,218,2816,3367,2849
2915,2816,2961,2848,18,96,1,290,28.0,218,2816,3367,2849
3179,2816,3367,2848,15000.00,91,1,291,28.0,218,2816,3367,2849
218,2910,264,2942,15,95,1,292,29.0,218,2910,3368,2943
380,2910,538,2942,C01728,91,1,293,29.0,218,2910,3368,2943
593,2910,775,2942,|[NATRAJ,58,1,294,29.0,218,2910,3368,2943
794,2910,915,2942,BOLL,95,1,295,29.0,218,2910,3368,2943
933,2910,1054,2942,PENS,96,1,296,29.0,218,2910,3368,2943
1907,2910,2007,2942,9608,95,1,297,29.0,218,2910,3368,2943
2159,2910,2207,2942,20,96,1,298,29.0,218,2910,3368,2943
2313,2910,2404,2942,PCS,95,1,299,29.0,218,2910,3368,2943
2509,2910,2596,2943,2.80,96,1,300,29.0,218,2910,3368,2943
2915,2910,2962,2942,12,96,1,301,29.0,218,2910,3368,2943
3256,2910,3368,2942,56.00,95,1,302,29.0,218,2910,3368,2943
218,3003,264,3035,16,95,1,303,30.0,218,2999,3368,3049
380,3003,540,3036,C01734,90,1,304,30.0,218,2999,3368,3049
593,3003,652,3035,|HP,87,1,305,30.0,218,2999,3368,3049
667,3003,828,3035,TONER,96,1,306,30.0,218,2999,3368,3049
844,3003,1116,3035,CARTRIDGE,96,1,307,30.0,218,2999,3368,3049
1134,3003,1372,3035,REFILLING,96,1,308,30.0,218,2999,3368,3049
1906,3003,2002,3036,8443,96,1,309,30.0,218,2999,3368,3049
2172,3003,2194,3035,5,97,1,310,30.0,218,2999,3368,3049
2313,3003,2404,3035,PCS,94,1,311,30.0,218,2999,3368,3049
2409,2999,2451,3049,|,94,1,312,30.0,218,2999,3368,3049
2484,3003,2621,3035,125.00,96,1,313,30.0,218,2999,3368,3049
2915,3003,2961,3035,18,96,1,314,30.0,218,2999,3368,3049
3230,3003,3368,3035,625.00,95,1,315,30.0,218,2999,3368,3049
218,3097,264,3129,17,95,1,316,31.0,218,3093,3368,3143
454,3114,466,3120,-,92,1,317,31.0,218,3093,3368,3143
593,3097,652,3129,HP,96,1,318,31.0,218,3093,3368,3143
667,3097,828,3129,TONER,96,1,319,31.0,218,3093,3368,3143
845,3097,979,3129,DRUM,95,1,320,31.0,218,3093,3368,3143
996,3097,1193,3129,CHANGE,96,1,321,31.0,218,3093,3368,3143
1906,3097,2002,3130,8443,96,1,322,31.0,218,3093,3368,3143
2171,3097,2194,3129,5,96,1,323,31.0,218,3093,3368,3143
2313,3097,2404,3129,PCS,95,1,324,31.0,218,3093,3368,3143
2409,3093,2451,3143,|,95,1,325,31.0,218,3093,3368,3143
2483,3097,2621,3129,250.00,96,1,326,31.0,218,3093,3368,3143
2915,3097,2961,3129,18,96,1,327,31.0,218,3093,3368,3143
3205,3097,3368,3130,1250.00,96,1,328,31.0,218,3093,3368,3143
218,3190,264,3222,18,96,1,329,32.0,218,3186,3368,3236
454,3207,466,3213,-,91,1,330,32.0,218,3186,3368,3236
593,3190,652,3222,HP,95,1,331,32.0,218,3186,3368,3236
667,3190,828,3222,TONER,95,1,332,32.0,218,3186,3368,3236
844,3190,1116,3222,CARTRIDGE,93,1,333,32.0,218,3186,3368,3236
1134,3190,1253,3222,P.C.R,90,1,334,32.0,218,3186,3368,3236
1269,3190,1517,3222,CHANGING,96,1,335,32.0,218,3186,3368,3236
1906,3190,2002,3223,8443,96,1,336,32.0,218,3186,3368,3236
2172,3190,2194,3222,5,97,1,337,32.0,218,3186,3368,3236
2313,3190,2404,3222,PCS,95,1,338,32.0,218,3186,3368,3236
2409,3186,2451,3236,|,94,1,339,32.0,218,3186,3368,3236
2482,3190,2621,3222,275.00,96,1,340,32.0,218,3186,3368,3236
2915,3190,2961,3222,18,96,1,341,32.0,218,3186,3368,3236
3205,3190,3368,3222,1375.00,96,1,342,32.0,218,3186,3368,3236
218,3284,264,3316,19,96,1,343,33.0,218,3280,3368,3330
454,3301,466,3307,-,92,1,344,33.0,218,3280,3368,3330
593,3284,652,3316,HP,96,1,345,33.0,218,3280,3368,3330
667,3284,828,3316,TONER,96,1,346,33.0,218,3280,3368,3330
845,3284,1000,3316,BLADE,96,1,347,33.0,218,3280,3368,3330
1017,3284,1214,3316,CHANGE,96,1,348,33.0,218,3280,3368,3330
1906,3284,2002,3317,8443,96,1,349,33.0,218,3280,3368,3330
2172,3284,2194,3316,5,97,1,350,33.0,218,3280,3368,3330
2313,3284,2404,3316,PCS,95,1,351,33.0,218,3280,3368,3330
2409,3280,2451,3330,|,94,1,352,33.0,218,3280,3368,3330
2483,3284,2621,3316,225.00,94,1,353,33.0,218,3280,3368,3330
2915,3284,2961,3316,18,96,1,354,33.0,218,3280,3368,3330
3205,3284,3368,3317,1125.00,96,1,355,33.0,218,3280,3368,3330
217,3378,265,3410,20,96,1,356,34.0,217,3374,3368,3424
380,3378,539,3410,C01761,92,1,357,34.0,217,3374,3368,3424
593,3378,863,3410,|[KANGAROO,49,1,358,34.0,217,3374,3368,3424
880,3378,1093,3410,STAPLER,93,1,359,34.0,217,3374,3368,3424
1110,3378,1173,3410,HD,93,1,360,34.0,217,3374,3368,3424
1190,3378,1271,3410,10D,95,1,361,34.0,217,3374,3368,3424
1906,3378,2007,3410,8472,96,1,362,34.0,217,3374,3368,3424
2172,3378,2195,3410,5,96,1,363,34.0,217,3374,3368,3424
2313,3378,2404,3410,PCS,95,1,364,34.0,217,3374,3368,3424
2496,3374,2608,3424,75.00,96,1,365,34.0,217,3374,3368,3424
2915,3378,2961,3410,18,96,1,366,34.0,217,3374,3368,3424
3229,3378,3368,3411,375.00,96,1,367,34.0,217,3374,3368,3424
217,3471,266,3503,21,96,1,368,35.0,217,3467,3369,3517
454,3488,466,3494,-,91,1,369,35.0,217,3467,3369,3517
593,3471,775,3504,NATRAJ,91,1,370,35.0,217,3467,3369,3517
794,3471,915,3503,BOLL,96,1,371,35.0,217,3467,3369,3517
933,3471,1054,3503,PENS,96,1,372,35.0,217,3467,3369,3517
1907,3471,2007,3503,9608,96,1,373,35.0,217,3467,3369,3517
2172,3471,2194,3503,2,96,1,374,35.0,217,3467,3369,3517
2315,3467,2404,3517,PKT,90,1,375,35.0,217,3467,3369,3517
2509,3471,2596,3503,2.80,96,1,376,35.0,217,3467,3369,3517
2915,3471,2962,3503,12,96,1,377,35.0,217,3467,3369,3517
3282,3471,3369,3503,5.60,96,1,378,35.0,217,3467,3369,3517
274,3598,317,3635,%,92,1,379,36.0,274,3593,3352,3651
525,3593,642,3651,Total,95,1,380,36.0,274,3593,3352,3651
815,3599,954,3636,SGST,91,1,381,36.0,274,3593,3352,3651
971,3599,1070,3635,Amt,95,1,382,36.0,274,3593,3352,3651
1081,3593,1130,3651,|,91,1,383,36.0,274,3593,3352,3651
1133,3599,1275,3636,CGST,91,1,384,36.0,274,3593,3352,3651
1292,3599,1402,3635,Amt.,96,1,385,36.0,274,3593,3352,3651
1415,3593,1464,3651,|,91,1,386,36.0,274,3593,3352,3651
1500,3599,1617,3636,IGST,90,1,387,36.0,274,3593,3352,3651
1635,3599,1745,3635,Amt.,96,1,388,36.0,274,3593,3352,3651
1883,3597,2003,3636,Total,96,1,389,36.0,274,3593,3352,3651
2023,3599,2217,3636,Amount,96,1,390,36.0,274,3593,3352,3651
2374,3597,2468,3636,Sub,96,1,391,36.0,274,3593,3352,3651
2485,3597,2605,3636,Total,96,1,392,36.0,274,3593,3352,3651
3123,3602,3352,3646,"32,501.60",95,1,393,36.0,274,3593,3352,3651
193,3714,297,3751,GST,55,1,394,37.0,193,3699,2767,3771
314,3714,339,3751,0,55,1,395,37.0,193,3699,2767,3771
356,3714,400,3750,%,82,1,396,37.0,193,3699,2767,3771
645,3716,742,3753,0.00,97,1,397,37.0,193,3699,2767,3771
2195,3716,2292,3753,0.00,0,1,398,37.0,193,3699,2767,3771
2375,3704,2594,3743,Discount,96,1,399,37.0,193,3699,2767,3771
2647,3707,2670,3743,0,92,1,400,37.0,193,3699,2767,3771
2749,3699,2767,3771,9%,25,1,401,37.0,193,3699,2767,3771
199,3823,303,3860,GST,58,1,402,38.0,199,3805,3351,3862
320,3823,345,3860,5,58,1,403,38.0,199,3805,3351,3862
362,3823,406,3859,%,92,1,404,38.0,199,3805,3351,3862
2191,3825,2288,3862,0.00|,86,1,405,38.0,199,3805,3351,3862
2374,3807,2515,3844,CGST,92,1,406,38.0,199,3805,3351,3862
2532,3805,2651,3844,Total,96,1,407,38.0,199,3805,3351,3862
3172,3814,3351,3857,"2,912.53",95,1,408,38.0,199,3805,3351,3862
181,3926,285,3963,GST,93,1,409,39.0,181,3908,3351,3985
303,3926,356,3962,12,90,1,410,39.0,181,3908,3351,3985
373,3926,417,3962,%,93,1,411,39.0,181,3908,3351,3985
581,3929,737,3966,420.60,96,1,412,39.0,181,3908,3351,3985
952,3909,1080,3985,25.24,96,1,413,39.0,181,3908,3351,3985
1294,3909,1422,3985,25.24,96,1,414,39.0,181,3908,3351,3985
2131,3929,2287,3966,471.08,93,1,415,39.0,181,3908,3351,3985
2293,3908,2346,3985,|,90,1,416,39.0,181,3908,3351,3985
2374,3914,2513,3951,SGST,90,1,417,39.0,181,3908,3351,3985
2529,3912,2649,3951,Total,96,1,418,39.0,181,3908,3351,3985
3172,3930,3351,3973,"2,912.53",96,1,419,39.0,181,3908,3351,3985
181,4026,417,4063,GST18%,86,1,420,40.0,181,4018,3353,4079
433,4022,443,4079,6,74,1,421,40.0,181,4018,3353,4079
508,4028,737,4072,"32,081.00",94,1,422,40.0,181,4018,3353,4079
878,4028,1076,4072,"2,887.29",96,1,423,40.0,181,4018,3353,4079
1220,4028,1418,4072,"2,887.29",96,1,424,40.0,181,4018,3353,4079
2049,4018,2274,4074,"37,855.58",96,1,425,40.0,181,4018,3353,4079
2375,4026,2492,4063,IGST,92,1,426,40.0,181,4018,3353,4079
2509,4024,2628,4063,Total,96,1,427,40.0,181,4018,3353,4079
3265,4033,3353,4069,0.00,96,1,428,40.0,181,4018,3353,4079
181,4128,285,4165,GST,95,1,429,41.0,181,4125,2712,4183
302,4128,356,4165,28,92,1,430,41.0,181,4125,2712,4183
373,4128,417,4164,%,92,1,431,41.0,181,4125,2712,4183
2191,4131,2288,4168,0.00,93,1,432,41.0,181,4125,2712,4183
2298,4125,2337,4183,|,93,1,433,41.0,181,4125,2712,4183
2375,4129,2533,4168,Round,93,1,434,41.0,181,4125,2712,4183
2553,4129,2712,4178,off(+/-),72,1,435,41.0,181,4125,2712,4183
172,4240,342,4281,GSTIN,91,1,436,42.0,172,4235,2660,4283
366,4240,468,4281,No:,55,1,437,42.0,172,4235,2660,4283
532,4240,1064,4281,27BGRPS7396K1Z5,82,1,438,42.0,172,4235,2660,4283
1409,4235,1512,4271,PAN,96,1,439,42.0,172,4235,2660,4283
1533,4235,1620,4272,NO:,93,1,440,42.0,172,4235,2660,4283
1643,4235,1977,4272,BGRPS7396K,88,1,441,42.0,172,4235,2660,4283
2374,4244,2521,4283,Grand,96,1,442,42.0,172,4235,2660,4283
2540,4244,2660,4283,Total,96,1,443,42.0,172,4235,2660,4283
181,4355,228,4389,In,96,1,444,43.0,181,4351,1466,4390
243,4353,392,4390,Words,71,1,445,43.0,181,4351,1466,4390
410,4365,419,4390,:,71,1,446,43.0,181,4351,1466,4390
489,4352,588,4389,Forty,86,1,447,43.0,181,4351,1466,4390
600,4352,687,4381,Four,95,1,448,43.0,181,4351,1466,4390
699,4351,886,4386,"Thousand,",95,1,449,43.0,181,4351,1466,4390
899,4351,974,4380,Five,96,1,450,43.0,181,4351,1466,4390
986,4351,1148,4381,Hundred,96,1,451,43.0,181,4351,1466,4390
1160,4352,1259,4389,Forty,96,1,452,43.0,181,4351,1466,4390
1270,4351,1367,4389,Eight,96,1,453,43.0,181,4351,1466,4390
1380,4351,1466,4389,Only,95,1,454,43.0,181,4351,1466,4390
173,4474,316,4503,TERMS,92,1,455,44.0,173,4474,3360,4521
332,4474,359,4503,&,92,1,456,44.0,173,4474,3360,4521
373,4474,629,4503,CONDITIONS,95,1,457,44.0,173,4474,3360,4521
1181,4483,1292,4518,Bank,96,1,475,44.0,173,4474,3360,4521
1307,4483,1442,4517,Detail:,95,1,476,44.0,173,4474,3360,4521
2699,4486,2778,4521,For,96,1,493,44.0,173,4474,3360,4521
2807,4485,2985,4520,LAXMI,96,1,494,44.0,173,4474,3360,4521
3000,4485,3360,4521,ENTERPRISES,95,1,495,44.0,173,4474,3360,4521
178,4544,247,4569,18%,96,1,458,45.0,178,4544,2162,4582
260,4544,436,4569,INTEREST,93,1,459,45.0,178,4544,2162,4582
447,4544,675,4569,CHARGABLE,91,1,460,45.0,178,4544,2162,4582
688,4544,862,4569,PAYMENT,96,1,461,45.0,178,4544,2162,4582
873,4544,991,4569,AFTER,96,1,462,45.0,178,4544,2162,4582
1181,4547,1292,4582,Bank,96,1,477,45.0,178,4544,2162,4582
1307,4549,1442,4582,Name:,96,1,478,45.0,178,4544,2162,4582
1459,4549,1550,4581,THE,93,1,479,45.0,178,4544,2162,4582
1568,4549,1731,4581,KARUR,92,1,480,45.0,178,4544,2162,4582
1746,4549,1901,4581,VYSYA,91,1,481,45.0,178,4544,2162,4582
1918,4549,2049,4581,BANK,96,1,482,45.0,178,4544,2162,4582
2065,4549,2162,4581,LTD.,96,1,483,45.0,178,4544,2162,4582
178,4593,251,4618,DUE,95,1,463,46.0,178,4593,1697,4646
264,4593,359,4618,DATE,95,1,464,46.0,178,4593,1697,4646
1179,4611,1269,4646,AIC:,92,1,484,46.0,178,4593,1697,4646
1288,4613,1697,4646,2115135000002938,91,1,485,46.0,178,4593,1697,4646
178,4642,384,4667,REGISTERD,91,1,465,47.0,178,4642,992,4667
398,4642,523,4667,UNDER,96,1,466,47.0,178,4642,992,4667
536,4642,608,4667,GST,96,1,467,47.0,178,4642,992,4667
619,4642,692,4667,ACT,96,1,468,47.0,178,4642,992,4667
704,4642,799,4667,DATE,96,1,469,47.0,178,4642,992,4667
811,4642,992,4667,01-07-2017,96,1,470,47.0,178,4642,992,4667
1181,4677,1305,4709,RTGS,95,1,486,48.0,177,4677,1723,4717
1323,4677,1400,4709,NO:,93,1,487,48.0,177,4677,1723,4717
1421,4677,1723,4709,KVBL0002115,87,1,488,48.0,177,4677,1723,4717
177,4692,344,4717,SUBJECT,96,1,471,48.0,177,4677,1723,4717
354,4692,402,4717,TO,96,1,472,48.0,177,4677,1723,4717
416,4692,560,4717,MUMBAI,96,1,473,48.0,177,4677,1723,4717
573,4692,849,4717,JURISDICTIONS,96,1,474,48.0,177,4677,1723,4717
1181,4740,1335,4774,Branch,92,1,489,49.0,1181,4740,3375,4796
1355,4751,1362,4774,:,92,1,490,49.0,1181,4740,3375,4796
1380,4742,1587,4774,ANDHERI,93,1,491,49.0,1181,4740,3375,4796
1605,4740,1663,4784,(E),92,1,492,49.0,1181,4740,3375,4796
2924,4747,3159,4785,Authorised,96,1,496,49.0,1181,4740,3375,4796
3177,4749,3375,4796,Signature,95,1,497,49.0,1181,4740,3375,4796
3191,4869,3275,4905,Page,92,1,498,50.0,3191,4867,3382,4905
3289,4868,3305,4896,1,92,1,499,50.0,3191,4867,3382,4905
3320,4867,3353,4896,of,94,1,500,50.0,3191,4867,3382,4905
3365,4868,3382,4896,2,96,1,501,50.0,3191,4867,3382,4905
