word_x1,word_y1,word_x2,word_y2,word,word_conf,page_number,id,line_index,line_x1,line_y1,line_x2,line_y2,links
1341,169,1361,201,Il,65,1,0,0,1341,169,2067,201,-1
1379,169,1535,201,SHREE,91,1,1,0,1341,169,2067,201,0
1551,169,1844,201,GANESHAYA,90,1,2,0,1341,169,2067,201,0
1862,169,2028,201,NAMAH,90,1,3,0,1341,169,2067,201,0
2047,169,2067,201,II,79,1,4,0,1341,169,2067,201,0
1608,261,1711,297,TAX,95,1,5,1,1608,261,3367,302,-1
1729,261,1938,298,INVOICE,95,1,6,1,1608,261,3367,302,5
3003,268,3367,302,Mob:8898933669,91,1,7,1,1608,261,3367,302,-1
1417,367,1447,393,i,38,1,8,2,1417,334,3369,393,-1
2250,367,2281,393,-,0,1,9,2,1417,334,3369,393,-1
3115,334,3369,367,9619720510,96,1,10,2,1417,334,3369,393,-1
917,373,1447,505,Laxmi,88,1,11,3,917,373,3369,539,-1
1541,373,2591,539,Enterprises,95,1,12,3,917,373,3369,539,11
3114,398,3369,430,ere,49,1,13,3,917,373,3369,539,-1
399,577,454,611,All,92,1,14,4,399,577,3046,621,-1
473,577,597,611,Kinds,95,1,15,4,399,577,3046,621,14
614,577,656,611,of,95,1,16,4,399,577,3046,621,14
670,577,790,611,office,96,1,17,4,399,577,3046,621,14
820,577,1055,621,"Stationery,",93,1,18,4,399,577,3046,621,14
1073,579,1158,611,H.P.,90,1,19,4,399,577,3046,621,14
1176,579,1325,621,"Epson,",96,1,20,4,399,577,3046,621,14
1343,579,1495,618,"Canon,",93,1,21,4,399,577,3046,621,14
1514,577,1701,611,Laxmark,91,1,22,4,399,577,3046,621,14
1718,577,1781,611,Ink,96,1,23,4,399,577,3046,621,14
1797,577,1999,621,Cartridge,93,1,24,4,399,577,3046,621,14
2016,579,2046,611,&,92,1,25,4,399,577,3046,621,14
2060,579,2188,611,Toner,96,1,26,4,399,577,3046,621,14
2204,577,2418,621,"Cartridge,",96,1,27,4,399,577,3046,621,14
2436,577,2661,611,Continous,96,1,28,4,399,577,3046,621,14
2678,579,2894,621,Computer,96,1,29,4,399,577,3046,621,14
2911,579,3046,621,"Paper,",96,1,30,4,399,577,3046,621,14
516,641,661,675,Plastic,96,1,31,5,516,641,2935,685,14
679,641,779,675,Files,93,1,32,5,516,641,2935,685,14
796,643,826,675,&,93,1,33,5,516,641,2935,685,14
844,641,992,682,"Folder,",93,1,34,5,516,641,2935,685,14
1011,643,1178,682,"E.S.I.C.,",74,1,35,5,516,641,2935,685,14
1197,643,1276,675,P.T.,91,1,36,5,516,641,2935,685,14
1295,643,1374,675,P.F.,91,1,37,5,516,641,2935,685,14
1391,641,1555,675,Challan,89,1,38,5,516,641,2935,685,14
1572,643,1602,675,&,93,1,39,5,516,641,2935,685,14
1619,643,1742,682,"Form,",96,1,40,5,516,641,2935,685,14
1761,643,1904,685,Export,96,1,41,5,516,641,2935,685,14
1921,641,2106,685,"Packing,",96,1,42,5,516,641,2935,685,14
2124,641,2332,682,"Materials,",93,1,43,5,516,641,2935,685,14
2350,643,2380,675,&,93,1,44,5,516,641,2935,685,14
2398,641,2708,685,Housekeeping,95,1,45,5,516,641,2935,685,14
2727,641,2935,675,Materials.,96,1,46,5,516,641,2935,685,14
354,771,497,808,SHOP,92,1,47,6,354,769,3101,818,-1
517,771,678,815,"NO-12,",92,1,48,6,354,769,3101,818,47
699,771,886,807,KADAM,91,1,49,6,354,769,3101,818,47
907,771,1088,815,"NIWAS,",91,1,50,6,354,769,3101,818,47
1109,771,1252,807,NEAR,93,1,51,6,354,769,3101,818,47
1271,771,1493,815,"PIDILITE,",91,1,52,6,354,769,3101,818,47
1528,771,1626,807,R.K.,92,1,53,6,354,769,3101,818,47
1647,771,1850,807,MANDIR,93,1,54,6,354,769,3101,818,47
1869,771,2151,808,KONDIVITA,92,1,55,6,354,769,3101,818,47
2170,771,2331,815,"ROAD,",96,1,56,6,354,769,3101,818,47
2351,771,2582,807,ANDHERI,93,1,57,6,354,769,3101,818,47
2603,769,2667,818,(E),91,1,58,6,354,769,3101,818,47
2687,771,3000,808,MUMBAI-400,91,1,59,6,354,769,3101,818,47
3019,771,3101,808,99,96,1,60,6,354,769,3101,818,47
1250,840,1398,879,Email:,92,1,61,7,1250,840,2252,889,47
1422,840,2252,889,laxmienterprises108s@gmail.com,90,1,62,7,1250,840,2252,889,47
182,958,277,1014,"M/s,",76,1,63,8,182,958,3372,1027,-1
364,970,642,1002,IMPERATIVE,96,1,64,8,182,958,3372,1027,63
660,970,892,1002,BUSINESS,96,1,65,8,182,958,3372,1027,63
908,970,1158,1002,VENTURES,96,1,66,8,182,958,3372,1027,63
1175,970,1376,1002,PVT.LTD.,96,1,67,8,182,958,3372,1027,63
2473,988,2647,1027,Invoice,96,1,68,8,182,958,3372,1027,-1
2667,990,2744,1027,No.,90,1,69,8,182,958,3372,1027,68
2767,1000,2774,1026,:,90,1,70,8,182,958,3372,1027,68
3139,967,3372,1026,S0000315,83,1,71,8,182,958,3372,1027,-1
363,1039,395,1073,G,92,1,72,9,363,1038,1531,1083,-1
414,1039,436,1073,2,90,1,73,9,363,1038,1531,1083,72
454,1040,483,1073,&,90,1,74,9,363,1038,1531,1083,72
499,1039,522,1074,3,92,1,75,9,363,1038,1531,1083,72
539,1038,685,1083,ground,92,1,76,9,363,1038,1531,1083,72
702,1038,793,1073,floor,93,1,77,9,363,1038,1531,1083,72
808,1038,949,1083,A.wing,91,1,78,9,363,1038,1531,1083,72
969,1038,1270,1073,midc.mahakali,91,1,79,9,363,1038,1531,1083,72
1289,1047,1410,1073,coves,96,1,80,9,363,1038,1531,1083,72
1429,1038,1531,1073,road.,96,1,81,9,363,1038,1531,1083,72
364,1107,456,1134,naer,93,1,82,10,364,1078,3372,1148,72
473,1098,584,1134,nelco,93,1,83,10,364,1078,3372,1148,72
602,1098,674,1133,bus,93,1,84,10,364,1078,3372,1148,72
691,1098,979,1134,stand.andheri,90,1,85,10,364,1078,3372,1148,72
996,1098,1058,1143,{E},93,1,86,10,364,1078,3372,1148,72
2473,1083,2647,1122,Invoice,95,1,87,10,364,1078,3372,1148,-1
2667,1085,2774,1122,Date,92,1,88,10,364,1078,3372,1148,87
2762,1079,2797,1148,:,92,1,89,10,364,1078,3372,1148,87
3115,1078,3372,1117,31-05-19,90,1,90,10,364,1078,3372,1148,-1
364,1158,707,1212,mumbai-400093,89,1,91,11,364,1158,2670,1233,-1
2473,1196,2542,1233,PO,96,1,92,11,364,1158,2670,1233,-1
2562,1196,2640,1232,No.,88,1,93,11,364,1158,2670,1233,92
2663,1206,2670,1232,:,88,1,94,11,364,1158,2670,1233,-1
181,1303,318,1335,GSTIN,81,1,95,12,181,1290,2713,1344,-1
337,1303,420,1335,No.:,71,1,96,12,181,1290,2713,1344,95
511,1303,932,1344, 27AACCI7893N1ZQ,42,1,97,12,181,1290,2713,1344,-1
2473,1290,2556,1327,PO.,96,1,98,12,181,1290,2713,1344,-1
2577,1290,2685,1327,Date,91,1,99,12,181,1290,2713,1344,98
2706,1300,2713,1326,:,91,1,100,12,181,1290,2713,1344,-1
184,1371,294,1403,State,95,1,101,13,184,1366,2034,1414,-1
312,1371,446,1404,Name:,95,1,102,13,184,1366,2034,1414,101
556,1366,890,1414,27-Maharashtra,90,1,103,13,184,1366,2034,1414,-1
1573,1371,1682,1403,State,96,1,104,13,184,1366,2034,1414,-1
1699,1369,1824,1403,Code:,95,1,105,13,184,1366,2034,1414,104
1986,1371,2034,1403,27,96,1,106,13,184,1366,2034,1414,-1
183,1490,297,1522,S.No.,30,1,107,14,183,1484,3353,1537,-1
308,1484,318,1536,|,30,1,108,14,183,1484,3353,1537,-1
375,1488,527,1522,Ch.NO.,91,1,109,14,183,1484,3353,1537,-1
981,1488,1231,1532,Description,96,1,110,14,183,1484,3353,1537,109
1248,1488,1298,1522,Of,96,1,111,14,183,1484,3353,1537,109
1313,1488,1456,1522,Goods,95,1,112,14,183,1484,3353,1537,-1
1849,1488,2053,1523,HSN/SAC,56,1,113,14,183,1484,3353,1537,-1
2227,1490,2301,1532,Qty,95,1,114,14,183,1484,3353,1537,-1
2502,1485,2598,1537,Rate,95,1,115,14,183,1484,3353,1537,-1
2687,1488,2822,1523,Disc%,89,1,116,14,183,1484,3353,1537,-1
2870,1490,2945,1522,Gst,91,1,118,14,183,1484,3353,1537,-1
2959,1490,2998,1522,%,91,1,119,14,183,1484,3353,1537,-1
3180,1490,3353,1523,Amount,95,1,120,14,183,1484,3353,1537,-1
231,1599,253,1631,1,95,1,121,15,231,1599,3368,1631,-1
380,1599,539,1631,C01665,90,1,122,15,231,1599,3368,1631,-1
593,1599,786,1631,|PLASTIC,91,1,123,15,231,1599,3368,1631,-1
803,1599,1013,1631,COURIER,96,1,124,15,231,1599,3368,1631,123
1031,1599,1128,1631,BAG,95,1,125,15,231,1599,3368,1631,123
1147,1599,1276,1631,16X19,95,1,126,15,231,1599,3368,1631,123
1906,1599,2007,1631,3923,96,1,127,15,231,1599,3368,1631,-1
2146,1599,2217,1631,500,96,1,128,15,231,1599,3368,1631,-1
2313,1599,2404,1631,PCS,95,1,129,15,231,1599,3368,1631,-1
2509,1599,2596,1631,7,96,1,130,15,231,1599,3368,1631,-1
2915,1599,2961,1631,18,96,1,131,15,231,1599,3368,1631,-1
3203,1599,3368,1631,3500,96,1,132,15,231,1599,3368,1631,-1
230,1692,252,1724,2,96,1,133,16,230,1692,3368,1725,-1
380,1692,538,1724,C01669,87,1,134,16,230,1692,3368,1725,-1
593,1692,688,1724,|FILE,91,1,135,16,230,1692,3368,1725,-1
706,1692,856,1724,DIVIDE,96,1,136,16,230,1692,3368,1725,-1
873,1692,1001,1724,PACK,96,1,137,16,230,1692,3368,1725,-1
1017,1692,1078,1724,OF,95,1,138,16,230,1692,3368,1725,-1
1095,1692,1168,1725,100,96,1,139,16,230,1692,3368,1725,-1
1906,1692,2007,1724,4820,96,1,140,16,230,1692,3368,1725,-1
2160,1692,2206,1724,10,96,1,141,16,230,1692,3368,1725,-1
2313,1692,2404,1724,PCS,95,1,142,16,230,1692,3368,1725,-1
2495,1692,2608,1725,80,96,1,143,16,230,1692,3368,1725,-1
2915,1692,2961,1724,18,96,1,144,16,230,1692,3368,1725,-1
3229,1692,3368,1725,800,96,1,145,16,230,1692,3368,1725,-1
229,1786,252,1818,3,96,1,146,17,229,1782,3368,1832,-1
380,1786,539,1818,C01675,91,1,147,17,229,1782,3368,1832,-1
593,1786,652,1818,|HP,88,1,148,17,229,1782,3368,1832,-1
667,1786,828,1818,TONER,96,1,149,17,229,1782,3368,1832,-1
844,1786,1116,1818,CARTRIDGE,96,1,150,17,229,1782,3368,1832,-1
1134,1786,1372,1818,REFILLING,96,1,151,17,229,1782,3368,1832,-1
1906,1786,2002,1819,8443,96,1,152,17,229,1782,3368,1832,-1
2172,1786,2195,1818,5,96,1,153,17,229,1782,3368,1832,-1
2313,1786,2404,1818,PCS,94,1,154,17,229,1782,3368,1832,-1
2409,1782,2451,1832,|,94,1,155,17,229,1782,3368,1832,-1
2484,1786,2621,1818,125,96,1,156,17,229,1782,3368,1832,-1
2915,1786,2961,1818,18,96,1,157,17,229,1782,3368,1832,-1
3230,1786,3368,1819,625,95,1,158,17,229,1782,3368,1832,-1
229,1880,254,1912,4,95,1,159,18,229,1876,3368,1926,-1
454,1897,466,1903,-,91,1,160,18,229,1876,3368,1926,-1
593,1880,652,1912,HP,96,1,161,18,229,1876,3368,1926,-1
667,1880,828,1912,TONER,96,1,162,18,229,1876,3368,1926,-1
845,1880,1000,1912,BLADE,96,1,163,18,229,1876,3368,1926,-1
1017,1880,1214,1912,CHANGE,96,1,164,18,229,1876,3368,1926,-1
1907,1880,2003,1913,8443,96,1,165,18,229,1876,3368,1926,-1
2171,1880,2194,1913,3,96,1,166,18,229,1876,3368,1926,-1
2313,1880,2404,1912,PCS,95,1,167,18,229,1876,3368,1926,-1
2409,1876,2451,1926,|,95,1,168,18,229,1876,3368,1926,-1
2483,1880,2621,1912,225,95,1,169,18,229,1876,3368,1926,-1
2915,1880,2961,1912,18,96,1,170,18,229,1876,3368,1926,-1
3230,1880,3368,1912,675,96,1,171,18,229,1876,3368,1926,-1
230,1973,253,2005,5,96,1,172,19,230,1969,3368,2019,-1
454,1990,466,1996,-,91,1,173,19,230,1969,3368,2019,-1
593,1973,652,2005,HP,96,1,174,19,230,1969,3368,2019,-1
667,1973,828,2005,TONER,96,1,175,19,230,1969,3368,2019,-1
844,1973,1116,2005,CARTRIDGE,95,1,176,19,230,1969,3368,2019,-1
1134,1973,1331,2005,MAGNET,96,1,177,19,230,1969,3368,2019,-1
1346,1973,1594,2005,CHANGING,96,1,178,19,230,1969,3368,2019,-1
1906,1973,2002,2006,8443,96,1,179,19,230,1969,3368,2019,-1
2172,1973,2194,2005,2,96,1,180,19,230,1969,3368,2019,-1
2313,1973,2404,2005,PCS,95,1,181,19,230,1969,3368,2019,-1
2409,1969,2451,2019,|,94,1,182,19,230,1969,3368,2019,-1
2483,1973,2621,2005,275,94,1,183,19,230,1969,3368,2019,-1
2915,1973,2961,2005,18,96,1,184,19,230,1969,3368,2019,-1
3230,1973,3368,2005,550,96,1,185,19,230,1969,3368,2019,-1
230,2067,252,2099,6,96,1,186,20,230,2067,3368,2099,-1
380,2067,538,2099,C01680,90,1,187,20,230,2067,3368,2099,-1
593,2067,688,2099,|FILE,90,1,188,20,230,2067,3368,2099,-1
706,2067,856,2099,DIVIDE,95,1,189,20,230,2067,3368,2099,-1
873,2067,1001,2099,PACK,95,1,190,20,230,2067,3368,2099,-1
1017,2067,1078,2099,OF,96,1,191,20,230,2067,3368,2099,-1
1095,2067,1168,2099,100,96,1,192,20,230,2067,3368,2099,-1
1906,2067,2007,2099,4820,96,1,193,20,230,2067,3368,2099,-1
2159,2067,2207,2099,20,96,1,194,20,230,2067,3368,2099,-1
2313,2067,2404,2099,PCS,95,1,195,20,230,2067,3368,2099,-1
2495,2067,2608,2099,80,96,1,196,20,230,2067,3368,2099,-1
2915,2067,2961,2099,18,96,1,197,20,230,2067,3368,2099,-1
3205,2067,3368,2099,1600,96,1,198,20,230,2067,3368,2099,-1
230,2160,252,2192,7,96,1,199,21,230,2160,3368,2193,-1
454,2177,466,2183,-,91,1,200,21,230,2160,3368,2193,-1
593,2160,748,2192,PAPER,96,1,201,21,230,2160,3368,2193,-1
764,2160,858,2192,CUP,96,1,202,21,230,2160,3368,2193,-1
876,2160,949,2192,150,96,1,203,21,230,2160,3368,2193,-1
966,2160,1029,2192,ML,96,1,204,21,230,2160,3368,2193,-1
1906,2160,2007,2193,4823,96,1,205,21,230,2160,3368,2193,-1
2146,2160,2217,2192,500,96,1,206,21,230,2160,3368,2193,-1
2313,2160,2404,2192,PCS,95,1,207,21,230,2160,3368,2193,-1
2509,2160,2596,2192,0.8,96,1,208,21,230,2160,3368,2193,-1
2915,2160,2961,2192,18,96,1,209,21,230,2160,3368,2193,-1
3229,2160,3368,2192,400,96,1,210,21,230,2160,3368,2193,-1
229,2254,252,2286,8,96,1,211,22,229,2250,3368,2300,-1
454,2271,466,2277,-,91,1,212,22,229,2250,3368,2300,-1
592,2254,825,2286,GARBAGE,96,1,213,22,229,2250,3368,2300,-1
842,2254,939,2286,BAG,95,1,214,22,229,2250,3368,2300,-1
957,2254,1088,2286,29X39,95,1,215,22,229,2250,3368,2300,-1
1105,2254,1182,2286,BIG,96,1,216,22,229,2250,3368,2300,-1
1906,2254,2007,2287,3923,96,1,217,22,229,2250,3368,2300,-1
2172,2254,2194,2286,5,97,1,218,22,229,2250,3368,2300,-1
2315,2250,2404,2300,PKT,91,1,219,22,229,2250,3368,2300,-1
2495,2250,2608,2300,45,96,1,220,22,229,2250,3368,2300,-1
2915,2254,2961,2286,18,96,1,221,22,229,2250,3368,2300,-1
3230,2254,3368,2286,225,95,1,222,22,229,2250,3368,2300,-1
230,2348,252,2380,9,96,1,223,23,230,2348,3368,2381,-1
454,2365,466,2371,-,92,1,224,23,230,2348,3368,2381,-1
593,2348,775,2380,NATRAJ,91,1,225,23,230,2348,3368,2381,-1
794,2348,990,2380,PENCILS,96,1,226,23,230,2348,3368,2381,-1
1907,2348,2007,2381,9609,96,1,227,23,230,2348,3368,2381,-1
2159,2348,2205,2380,50,96,1,228,23,230,2348,3368,2381,-1
2313,2348,2404,2380,PCS,95,1,229,23,230,2348,3368,2381,-1
2508,2348,2596,2381,3.6,96,1,230,23,230,2348,3368,2381,-1
2915,2348,2962,2380,12,96,1,231,23,230,2348,3368,2381,-1
3231,2348,3368,2381,180,96,1,232,23,230,2348,3368,2381,-1
218,2441,264,2473,10,96,1,233,24,218,2441,3368,2474,-1
454,2458,466,2464,-,92,1,234,24,218,2441,3368,2474,-1
592,2441,753,2473,CAMEL,96,1,235,24,218,2441,3368,2474,-1
770,2441,1061,2473,PERMANENT,95,1,236,24,218,2441,3368,2474,-1
1077,2441,1276,2473,MARKER,95,1,237,24,218,2441,3368,2474,-1
1907,2441,2007,2473,9608,95,1,238,24,218,2441,3368,2474,-1
2171,2441,2194,2473,5,96,1,239,24,218,2441,3368,2474,-1
2313,2441,2404,2473,PCS,95,1,240,24,218,2441,3368,2474,-1
2496,2441,2608,2473,23,96,1,241,24,218,2441,3368,2474,-1
2915,2441,2962,2473,12,96,1,242,24,218,2441,3368,2474,-1
3231,2441,3368,2474,115,96,1,243,24,218,2441,3368,2474,-1
218,2535,266,2567,11,96,1,244,25,218,2535,3368,2567,-1
454,2552,466,2558,-,92,1,245,25,218,2535,3368,2567,-1
590,2535,758,2567,WATER,95,1,246,25,218,2535,3368,2567,-1
774,2535,969,2567,SPONGE,96,1,247,25,218,2535,3368,2567,-1
1906,2535,2007,2567,3926,96,1,248,25,218,2535,3368,2567,-1
2160,2535,2206,2567,16,96,1,249,25,218,2535,3368,2567,-1
2313,2535,2404,2567,PCS,95,1,250,25,218,2535,3368,2567,-1
2508,2535,2596,2567,4,96,1,251,25,218,2535,3368,2567,-1
2915,2535,2962,2567,12,96,1,252,25,218,2535,3368,2567,-1
3256,2535,3368,2567,64,96,1,253,25,218,2535,3368,2567,-1
218,2629,265,2661,12,96,1,254,26,218,2625,3368,2675,-1
380,2629,538,2661,C01698,90,1,255,26,218,2625,3368,2675,-1
593,2629,766,2661,|BROWN,91,1,256,26,218,2625,3368,2675,-1
783,2629,905,2661,TAPE,96,1,257,26,218,2625,3368,2675,-1
919,2629,1129,2661,WONDER,96,1,258,26,218,2625,3368,2675,-1
1144,2629,1188,2661,"2""",94,1,259,26,218,2625,3368,2675,-1
1906,2629,2007,2662,3926,96,1,260,26,218,2625,3368,2675,-1
2160,2629,2207,2661,12,96,1,261,26,218,2625,3368,2675,-1
2313,2629,2404,2661,PCS,95,1,262,26,218,2625,3368,2675,-1
2495,2625,2608,2675,38,96,1,263,26,218,2625,3368,2675,-1
2915,2629,2961,2661,18,96,1,264,26,218,2625,3368,2675,-1
3229,2629,3368,2661,456,95,1,265,26,218,2625,3368,2675,-1
218,2722,264,2755,13,96,1,266,27,218,2722,3368,2755,-1
454,2739,466,2745,-,91,1,267,27,218,2722,3368,2755,-1
593,2722,786,2754,PLASTIC,95,1,268,27,218,2722,3368,2755,-1
803,2722,1013,2754,COURIER,95,1,269,27,218,2722,3368,2755,-1
1031,2722,1128,2754,BAG,95,1,270,27,218,2722,3368,2755,-1
1147,2722,1276,2754,16X19,95,1,271,27,218,2722,3368,2755,-1
1906,2722,2007,2755,3923,96,1,272,27,218,2722,3368,2755,-1
2146,2722,2217,2754,500,96,1,273,27,218,2722,3368,2755,-1
2313,2722,2404,2754,PCS,95,1,274,27,218,2722,3368,2755,-1
2509,2722,2596,2755,7,96,1,275,27,218,2722,3368,2755,-1
2915,2722,2961,2754,18,96,1,276,27,218,2722,3368,2755,-1
3203,2722,3368,2755,3500,96,1,277,27,218,2722,3368,2755,-1
218,2816,267,2848,14,96,1,278,28,218,2816,3367,2849,-1
380,2816,540,2848,C01704,90,1,279,28,218,2816,3367,2849,-1
593,2816,786,2848,|PLASTIC,88,1,280,28,218,2816,3367,2849,-1
803,2816,1013,2848,COURIER,95,1,281,28,218,2816,3367,2849,-1
1031,2816,1128,2848,BAG,95,1,282,28,218,2816,3367,2849,-1
1147,2816,1276,2848,16X19,95,1,283,28,218,2816,3367,2849,-1
1290,2816,1405,2848,WITH,96,1,284,28,218,2816,3367,2849,-1
1425,2816,1640,2848,PRINTING,96,1,285,28,218,2816,3367,2849,-1
1906,2816,2007,2849,3923,96,1,286,28,218,2816,3367,2849,-1
2133,2816,2232,2848,2000,92,1,287,28,218,2816,3367,2849,-1
2313,2816,2404,2848,PCS,90,1,288,28,218,2816,3367,2849,-1
2509,2816,2596,2848,7.5,96,1,289,28,218,2816,3367,2849,-1
2915,2816,2961,2848,18,96,1,290,28,218,2816,3367,2849,-1
3179,2816,3367,2848,15000,91,1,291,28,218,2816,3367,2849,-1
218,2910,264,2942,15,95,1,292,29,218,2910,3368,2943,-1
380,2910,538,2942,C01728,91,1,293,29,218,2910,3368,2943,-1
593,2910,775,2942,|[NATRAJ,58,1,294,29,218,2910,3368,2943,-1
794,2910,915,2942,BOLL,95,1,295,29,218,2910,3368,2943,-1
933,2910,1054,2942,PENS,96,1,296,29,218,2910,3368,2943,-1
1907,2910,2007,2942,9608,95,1,297,29,218,2910,3368,2943,-1
2159,2910,2207,2942,20,96,1,298,29,218,2910,3368,2943,-1
2313,2910,2404,2942,PCS,95,1,299,29,218,2910,3368,2943,-1
2509,2910,2596,2943,2.8,96,1,300,29,218,2910,3368,2943,-1
2915,2910,2962,2942,12,96,1,301,29,218,2910,3368,2943,-1
3256,2910,3368,2942,56,95,1,302,29,218,2910,3368,2943,-1
218,3003,264,3035,16,95,1,303,30,218,2999,3368,3049,-1
380,3003,540,3036,C01734,90,1,304,30,218,2999,3368,3049,-1
593,3003,652,3035,|HP,87,1,305,30,218,2999,3368,3049,-1
667,3003,828,3035,TONER,96,1,306,30,218,2999,3368,3049,-1
844,3003,1116,3035,CARTRIDGE,96,1,307,30,218,2999,3368,3049,-1
1134,3003,1372,3035,REFILLING,96,1,308,30,218,2999,3368,3049,-1
1906,3003,2002,3036,8443,96,1,309,30,218,2999,3368,3049,-1
2172,3003,2194,3035,5,97,1,310,30,218,2999,3368,3049,-1
2313,3003,2404,3035,PCS,94,1,311,30,218,2999,3368,3049,-1
2409,2999,2451,3049,|,94,1,312,30,218,2999,3368,3049,-1
2484,3003,2621,3035,125,96,1,313,30,218,2999,3368,3049,-1
2915,3003,2961,3035,18,96,1,314,30,218,2999,3368,3049,-1
3230,3003,3368,3035,625,95,1,315,30,218,2999,3368,3049,-1
218,3097,264,3129,17,95,1,316,31,218,3093,3368,3143,-1
454,3114,466,3120,-,92,1,317,31,218,3093,3368,3143,-1
593,3097,652,3129,HP,96,1,318,31,218,3093,3368,3143,-1
667,3097,828,3129,TONER,96,1,319,31,218,3093,3368,3143,-1
845,3097,979,3129,DRUM,95,1,320,31,218,3093,3368,3143,-1
996,3097,1193,3129,CHANGE,96,1,321,31,218,3093,3368,3143,-1
1906,3097,2002,3130,8443,96,1,322,31,218,3093,3368,3143,-1
2171,3097,2194,3129,5,96,1,323,31,218,3093,3368,3143,-1
2313,3097,2404,3129,PCS,95,1,324,31,218,3093,3368,3143,-1
2409,3093,2451,3143,|,95,1,325,31,218,3093,3368,3143,-1
2483,3097,2621,3129,250,96,1,326,31,218,3093,3368,3143,-1
2915,3097,2961,3129,18,96,1,327,31,218,3093,3368,3143,-1
3205,3097,3368,3130,1250,96,1,328,31,218,3093,3368,3143,-1
218,3190,264,3222,18,96,1,329,32,218,3186,3368,3236,-1
454,3207,466,3213,-,91,1,330,32,218,3186,3368,3236,-1
593,3190,652,3222,HP,95,1,331,32,218,3186,3368,3236,-1
667,3190,828,3222,TONER,95,1,332,32,218,3186,3368,3236,-1
844,3190,1116,3222,CARTRIDGE,93,1,333,32,218,3186,3368,3236,-1
1134,3190,1253,3222,P.C.R,90,1,334,32,218,3186,3368,3236,-1
1269,3190,1517,3222,CHANGING,96,1,335,32,218,3186,3368,3236,-1
1906,3190,2002,3223,8443,96,1,336,32,218,3186,3368,3236,-1
2172,3190,2194,3222,5,97,1,337,32,218,3186,3368,3236,-1
2313,3190,2404,3222,PCS,95,1,338,32,218,3186,3368,3236,-1
2409,3186,2451,3236,|,94,1,339,32,218,3186,3368,3236,-1
2482,3190,2621,3222,275,96,1,340,32,218,3186,3368,3236,-1
2915,3190,2961,3222,18,96,1,341,32,218,3186,3368,3236,-1
3205,3190,3368,3222,1375,96,1,342,32,218,3186,3368,3236,-1
218,3284,264,3316,19,96,1,343,33,218,3280,3368,3330,-1
454,3301,466,3307,-,92,1,344,33,218,3280,3368,3330,-1
593,3284,652,3316,HP,96,1,345,33,218,3280,3368,3330,-1
667,3284,828,3316,TONER,96,1,346,33,218,3280,3368,3330,-1
845,3284,1000,3316,BLADE,96,1,347,33,218,3280,3368,3330,-1
1017,3284,1214,3316,CHANGE,96,1,348,33,218,3280,3368,3330,-1
1906,3284,2002,3317,8443,96,1,349,33,218,3280,3368,3330,-1
2172,3284,2194,3316,5,97,1,350,33,218,3280,3368,3330,-1
2313,3284,2404,3316,PCS,95,1,351,33,218,3280,3368,3330,-1
2409,3280,2451,3330,|,94,1,352,33,218,3280,3368,3330,-1
2483,3284,2621,3316,225,94,1,353,33,218,3280,3368,3330,-1
2915,3284,2961,3316,18,96,1,354,33,218,3280,3368,3330,-1
3205,3284,3368,3317,1125,96,1,355,33,218,3280,3368,3330,-1
217,3378,265,3410,20,96,1,356,34,217,3374,3368,3424,-1
380,3378,539,3410,C01761,92,1,357,34,217,3374,3368,3424,-1
593,3378,863,3410,|[KANGAROO,49,1,358,34,217,3374,3368,3424,-1
880,3378,1093,3410,STAPLER,93,1,359,34,217,3374,3368,3424,-1
1110,3378,1173,3410,HD,93,1,360,34,217,3374,3368,3424,-1
1190,3378,1271,3410,10D,95,1,361,34,217,3374,3368,3424,-1
1906,3378,2007,3410,8472,96,1,362,34,217,3374,3368,3424,-1
2172,3378,2195,3410,5,96,1,363,34,217,3374,3368,3424,-1
2313,3378,2404,3410,PCS,95,1,364,34,217,3374,3368,3424,-1
2496,3374,2608,3424,75,96,1,365,34,217,3374,3368,3424,-1
2915,3378,2961,3410,18,96,1,366,34,217,3374,3368,3424,-1
3229,3378,3368,3411,375,96,1,367,34,217,3374,3368,3424,-1
217,3471,266,3503,21,96,1,368,35,217,3467,3369,3517,-1
454,3488,466,3494,-,91,1,369,35,217,3467,3369,3517,-1
593,3471,775,3504,NATRAJ,91,1,370,35,217,3467,3369,3517,-1
794,3471,915,3503,BOLL,96,1,371,35,217,3467,3369,3517,-1
933,3471,1054,3503,PENS,96,1,372,35,217,3467,3369,3517,-1
1907,3471,2007,3503,9608,96,1,373,35,217,3467,3369,3517,-1
2172,3471,2194,3503,2,96,1,374,35,217,3467,3369,3517,-1
2315,3467,2404,3517,PKT,90,1,375,35,217,3467,3369,3517,-1
2509,3471,2596,3503,2.8,96,1,376,35,217,3467,3369,3517,-1
2915,3471,2962,3503,12,96,1,377,35,217,3467,3369,3517,-1
3282,3471,3369,3503,5.6,96,1,378,35,217,3467,3369,3517,-1
274,3598,317,3635,%,92,1,379,36,274,3593,3352,3651,-1
525,3593,642,3651,Total,95,1,380,36,274,3593,3352,3651,-1
815,3599,954,3636,SGST,91,1,381,36,274,3593,3352,3651,-1
971,3599,1070,3635,Amt,95,1,382,36,274,3593,3352,3651,-1
1081,3593,1130,3651,|,91,1,383,36,274,3593,3352,3651,-1
1133,3599,1275,3636,CGST,91,1,384,36,274,3593,3352,3651,-1
1292,3599,1402,3635,Amt.,96,1,385,36,274,3593,3352,3651,-1
1415,3593,1464,3651,|,91,1,386,36,274,3593,3352,3651,-1
1500,3599,1617,3636,IGST,90,1,387,36,274,3593,3352,3651,-1
1635,3599,1745,3635,Amt.,96,1,388,36,274,3593,3352,3651,-1
1883,3597,2003,3636,Total,96,1,389,36,274,3593,3352,3651,-1
2023,3599,2217,3636,Amount,96,1,390,36,274,3593,3352,3651,-1
2374,3597,2468,3636,Sub,96,1,391,36,274,3593,3352,3651,-1
2485,3597,2605,3636,Total,96,1,392,36,274,3593,3352,3651,-1
3123,3602,3352,3646,"32,501.60",95,1,393,36,274,3593,3352,3651,-1
193,3714,297,3751,GST,55,1,394,37,193,3699,2767,3771,-1
314,3714,339,3751,0,55,1,395,37,193,3699,2767,3771,-1
356,3714,400,3750,%,82,1,396,37,193,3699,2767,3771,-1
645,3716,742,3753,0,97,1,397,37,193,3699,2767,3771,-1
2195,3716,2292,3753,0,0,1,398,37,193,3699,2767,3771,-1
2375,3704,2594,3743,Discount,96,1,399,37,193,3699,2767,3771,-1
2647,3707,2670,3743,0,92,1,400,37,193,3699,2767,3771,-1
2749,3699,2767,3771,9%,25,1,401,37,193,3699,2767,3771,-1
199,3823,303,3860,GST,58,1,402,38,199,3805,3351,3862,-1
320,3823,345,3860,5,58,1,403,38,199,3805,3351,3862,-1
362,3823,406,3859,%,92,1,404,38,199,3805,3351,3862,-1
2191,3825,2288,3862,0.00|,86,1,405,38,199,3805,3351,3862,-1
2374,3807,2515,3844,CGST,92,1,406,38,199,3805,3351,3862,-1
2532,3805,2651,3844,Total,96,1,407,38,199,3805,3351,3862,-1
3172,3814,3351,3857,"2,912.53",95,1,408,38,199,3805,3351,3862,-1
181,3926,285,3963,GST,93,1,409,39,181,3908,3351,3985,-1
303,3926,356,3962,12,90,1,410,39,181,3908,3351,3985,-1
373,3926,417,3962,%,93,1,411,39,181,3908,3351,3985,-1
581,3929,737,3966,420.6,96,1,412,39,181,3908,3351,3985,-1
952,3909,1080,3985,25.24,96,1,413,39,181,3908,3351,3985,-1
1294,3909,1422,3985,25.24,96,1,414,39,181,3908,3351,3985,-1
2131,3929,2287,3966,471.08,93,1,415,39,181,3908,3351,3985,-1
2293,3908,2346,3985,|,90,1,416,39,181,3908,3351,3985,-1
2374,3914,2513,3951,SGST,90,1,417,39,181,3908,3351,3985,-1
2529,3912,2649,3951,Total,96,1,418,39,181,3908,3351,3985,-1
3172,3930,3351,3973,"2,912.53",96,1,419,39,181,3908,3351,3985,-1
181,4026,417,4063,GST18%,86,1,420,40,181,4018,3353,4079,-1
433,4022,443,4079,6,74,1,421,40,181,4018,3353,4079,-1
508,4028,737,4072,"32,081.00",94,1,422,40,181,4018,3353,4079,-1
878,4028,1076,4072,"2,887.29",96,1,423,40,181,4018,3353,4079,-1
1220,4028,1418,4072,"2,887.29",96,1,424,40,181,4018,3353,4079,-1
2049,4018,2274,4074,"37,855.58",96,1,425,40,181,4018,3353,4079,-1
2375,4026,2492,4063,IGST,92,1,426,40,181,4018,3353,4079,-1
2509,4024,2628,4063,Total,96,1,427,40,181,4018,3353,4079,-1
3265,4033,3353,4069,0,96,1,428,40,181,4018,3353,4079,-1
181,4128,285,4165,GST,95,1,429,41,181,4125,2712,4183,-1
302,4128,356,4165,28,92,1,430,41,181,4125,2712,4183,-1
373,4128,417,4164,%,92,1,431,41,181,4125,2712,4183,-1
2191,4131,2288,4168,0,93,1,432,41,181,4125,2712,4183,-1
2298,4125,2337,4183,|,93,1,433,41,181,4125,2712,4183,-1
2375,4129,2533,4168,Round,93,1,434,41,181,4125,2712,4183,-1
2553,4129,2712,4178,off(+/-),72,1,435,41,181,4125,2712,4183,-1
172,4240,342,4281,GSTIN,91,1,436,42,172,4235,2660,4283,-1
366,4240,468,4281,No:,55,1,437,42,172,4235,2660,4283,-1
532,4240,1064,4281,27BGRPS7396K1Z5,82,1,438,42,172,4235,2660,4283,-1
1409,4235,1512,4271,PAN,96,1,439,42,172,4235,2660,4283,-1
1533,4235,1620,4272,NO:,93,1,440,42,172,4235,2660,4283,-1
1643,4235,1977,4272,BGRPS7396K,88,1,441,42,172,4235,2660,4283,-1
2374,4244,2521,4283,Grand,96,1,442,42,172,4235,2660,4283,-1
2540,4244,2660,4283,Total,96,1,443,42,172,4235,2660,4283,-1
181,4355,228,4389,In,96,1,444,43,181,4351,1466,4390,-1
243,4353,392,4390,Words,71,1,445,43,181,4351,1466,4390,-1
410,4365,419,4390,:,71,1,446,43,181,4351,1466,4390,-1
489,4352,588,4389,Forty,86,1,447,43,181,4351,1466,4390,-1
600,4352,687,4381,Four,95,1,448,43,181,4351,1466,4390,-1
699,4351,886,4386,"Thousand,",95,1,449,43,181,4351,1466,4390,-1
899,4351,974,4380,Five,96,1,450,43,181,4351,1466,4390,-1
986,4351,1148,4381,Hundred,96,1,451,43,181,4351,1466,4390,-1
1160,4352,1259,4389,Forty,96,1,452,43,181,4351,1466,4390,-1
1270,4351,1367,4389,Eight,96,1,453,43,181,4351,1466,4390,-1
1380,4351,1466,4389,Only,95,1,454,43,181,4351,1466,4390,-1
173,4474,316,4503,TERMS,92,1,455,44,173,4474,3360,4521,-1
332,4474,359,4503,&,92,1,456,44,173,4474,3360,4521,-1
373,4474,629,4503,CONDITIONS,95,1,457,44,173,4474,3360,4521,-1
1181,4483,1292,4518,Bank,96,1,475,44,173,4474,3360,4521,-1
1307,4483,1442,4517,Detail:,95,1,476,44,173,4474,3360,4521,-1
2699,4486,2778,4521,For,96,1,493,44,173,4474,3360,4521,-1
2807,4485,2985,4520,LAXMI,96,1,494,44,173,4474,3360,4521,-1
3000,4485,3360,4521,ENTERPRISES,95,1,495,44,173,4474,3360,4521,-1
178,4544,247,4569,18%,96,1,458,45,178,4544,2162,4582,-1
260,4544,436,4569,INTEREST,93,1,459,45,178,4544,2162,4582,-1
447,4544,675,4569,CHARGABLE,91,1,460,45,178,4544,2162,4582,-1
688,4544,862,4569,PAYMENT,96,1,461,45,178,4544,2162,4582,-1
873,4544,991,4569,AFTER,96,1,462,45,178,4544,2162,4582,-1
1181,4547,1292,4582,Bank,96,1,477,45,178,4544,2162,4582,-1
1307,4549,1442,4582,Name:,96,1,478,45,178,4544,2162,4582,-1
1459,4549,1550,4581,THE,93,1,479,45,178,4544,2162,4582,-1
1568,4549,1731,4581,KARUR,92,1,480,45,178,4544,2162,4582,-1
1746,4549,1901,4581,VYSYA,91,1,481,45,178,4544,2162,4582,-1
1918,4549,2049,4581,BANK,96,1,482,45,178,4544,2162,4582,-1
2065,4549,2162,4581,LTD.,96,1,483,45,178,4544,2162,4582,-1
178,4593,251,4618,DUE,95,1,463,46,178,4593,1697,4646,-1
264,4593,359,4618,DATE,95,1,464,46,178,4593,1697,4646,-1
1179,4611,1269,4646,AIC:,92,1,484,46,178,4593,1697,4646,-1
1288,4613,1697,4646,2.12E+15,91,1,485,46,178,4593,1697,4646,-1
178,4642,384,4667,REGISTERD,91,1,465,47,178,4642,992,4667,-1
398,4642,523,4667,UNDER,96,1,466,47,178,4642,992,4667,-1
536,4642,608,4667,GST,96,1,467,47,178,4642,992,4667,-1
619,4642,692,4667,ACT,96,1,468,47,178,4642,992,4667,-1
704,4642,799,4667,DATE,96,1,469,47,178,4642,992,4667,-1
811,4642,992,4667,01-07-17,96,1,470,47,178,4642,992,4667,-1
1181,4677,1305,4709,RTGS,95,1,486,48,177,4677,1723,4717,-1
1323,4677,1400,4709,NO:,93,1,487,48,177,4677,1723,4717,-1
1421,4677,1723,4709,KVBL0002115,87,1,488,48,177,4677,1723,4717,-1
177,4692,344,4717,SUBJECT,96,1,471,48,177,4677,1723,4717,-1
354,4692,402,4717,TO,96,1,472,48,177,4677,1723,4717,-1
416,4692,560,4717,MUMBAI,96,1,473,48,177,4677,1723,4717,-1
573,4692,849,4717,JURISDICTIONS,96,1,474,48,177,4677,1723,4717,-1
1181,4740,1335,4774,Branch,92,1,489,49,1181,4740,3375,4796,-1
1355,4751,1362,4774,:,92,1,490,49,1181,4740,3375,4796,-1
1380,4742,1587,4774,ANDHERI,93,1,491,49,1181,4740,3375,4796,-1
1605,4740,1663,4784,(E),92,1,492,49,1181,4740,3375,4796,-1
2924,4747,3159,4785,Authorised,96,1,496,49,1181,4740,3375,4796,-1
3177,4749,3375,4796,Signature,95,1,497,49,1181,4740,3375,4796,-1
3191,4869,3275,4905,Page,92,1,498,50,3191,4867,3382,4905,-1
3289,4868,3305,4896,1,92,1,499,50,3191,4867,3382,4905,-1
3320,4867,3353,4896,of,94,1,500,50,3191,4867,3382,4905,-1
3365,4868,3382,4896,2,96,1,501,50,3191,4867,3382,4905,-1
