[
  {
    "id": "-2bxOtVqkh",
    "text": [
      "Invoice Date"
    ],
    "box": [
      69.50354609929079,
      21.237458193979933,
      8.983451536643026,
      1.5050167224080269
    ],
    "linking": [
      [
        "-2bxOtVqkh",
        "xRY8EDxwdE"
      ]
    ],
    "label": [
      "Text"
    ],
    "words": [
      {
        "parentID": "-2bxOtVqkh",
        "text": [
          "Invoice"
        ],
        "box": [
          69.50354609929079,
          21.237458193979933,
          5.673758865248227,
          1.5050167224080269
        ]
      },
      {
        "parentID": "-2bxOtVqkh",
        "text": [
          "Date"
        ],
        "box": [
          75.177304964539,
          21.237458193979933,
          3.309692671394799,
          1.5050167224080269
        ]
      }
    ]
  },
  {
    "id": "xRY8EDxwdE",
    "text": [
      "31/05/2019"
    ],
    "box": [
      86.28841607565012,
      21.237458193979933,
      9.456264775413711,
      1.5050167224080269
    ],
    "linking": [
      [
        "-2bxOtVqkh",
        "xRY8EDxwdE"
      ]
    ],
    "label": [
      "Text"
    ],
    "words": []
  }
]